_about,average_price,average_price_detached,average_price_existing_property,average_price_flat_maisonette,average_price_new_build,average_price_semi_detached,average_price_terraced,house_price_index,house_price_index_detached,house_price_index_existing_property,house_price_index_flat_maisonette,house_price_index_new_build,house_price_index_semi_detached,house_price_index_terraced,percentage_annual_change,percentage_annual_change_detached,percentage_annual_change_existing_property,percentage_annual_change_flat_maisonette,percentage_annual_change_new_build,percentage_annual_change_semi_detached,percentage_annual_change_terraced,percentage_change,percentage_change_detached,percentage_change_existing_property,percentage_change_flat_maisonette,percentage_change_new_build,percentage_change_semi_detached,percentage_change_terraced,ref_month,ref_period_duration,ref_period_start,ref_region,sales_volume,sales_volume_existing_property,sales_volume_new_build,sales_volume_cash,sales_volume_mortgage
http://landregistry.data.gov.uk/data/ukhpi/region/dorset/month/2020-01,277625,436429,275547.0,156439,309665.0,275091,220273,81.1,80.6,80.7,84.4,84.1,80.9,80.2,1.4,0.2,1.5,0.0,0.9,2.9,3.2,-0.3,-0.2,-0.3,-0.6,0.6,-0.3,-0.1,2020-01,1,2020-01-01 00:00:00,http://landregistry.data.gov.uk/id/region/dorset,419.0,388.0,31.0,194.0,211.0
http://landregistry.data.gov.uk/data/ukhpi/region/dorset/month/2020-02,278798,438265,276585.0,156738,314450.0,276109,221631,81.5,80.9,81.0,84.5,85.4,81.2,80.7,0.6,-0.4,0.7,-1.0,-0.7,1.7,2.3,0.4,0.4,0.4,0.2,1.5,0.4,0.6,2020-02,1,2020-02-01 00:00:00,http://landregistry.data.gov.uk/id/region/dorset,440.0,411.0,29.0,197.0,233.0
http://landregistry.data.gov.uk/data/ukhpi/region/dorset/month/2020-03,276400,434844,273937.0,155043,316699.0,273822,219715,80.8,80.3,80.2,83.6,86.0,80.5,80.0,-0.1,-0.6,-0.1,-1.5,-0.4,0.5,0.9,-0.9,-0.8,-1.0,-1.1,0.7,-0.8,-0.9,2020-03,1,2020-03-01 00:00:00,http://landregistry.data.gov.uk/id/region/dorset,451.0,417.0,34.0,199.0,237.0
http://landregistry.data.gov.uk/data/ukhpi/region/dorset/month/2020-04,281087,443005,278467.0,156780,323411.0,278396,223694,82.1,81.8,81.5,84.6,87.9,81.9,81.4,1.3,1.4,1.3,-0.5,1.2,1.6,1.9,1.7,1.9,1.7,1.1,2.1,1.7,1.8,2020-04,1,2020-04-01 00:00:00,http://landregistry.data.gov.uk/id/region/dorset,171.0,155.0,16.0,77.0,90.0
http://landregistry.data.gov.uk/data/ukhpi/region/dorset/month/2020-05,278791,438814,275813.0,155786,325067.0,276569,221768,81.5,81.0,80.8,84.0,88.3,81.3,80.7,1.9,2.1,1.7,0.4,4.3,2.3,2.2,-0.8,-0.9,-1.0,-0.6,0.5,-0.7,-0.9,2020-05,1,2020-05-01 00:00:00,http://landregistry.data.gov.uk/id/region/dorset,239.0,215.0,24.0,96.0,133.0
http://landregistry.data.gov.uk/data/ukhpi/region/dorset/month/2020-06,279644,439904,276966.0,156041,322626.0,277601,222748,81.7,81.2,81.1,84.2,87.7,81.7,81.1,2.4,2.7,2.3,0.7,4.7,2.9,2.7,0.3,0.2,0.4,0.2,-0.8,0.4,0.4,2020-06,1,2020-06-01 00:00:00,http://landregistry.data.gov.uk/id/region/dorset,392.0,363.0,29.0,162.0,221.0
http://landregistry.data.gov.uk/data/ukhpi/region/dorset/month/2020-07,276977,435299,274638.0,155209,315950.0,274847,220400,80.9,80.4,80.4,83.7,85.8,80.8,80.2,1.4,1.7,1.4,-0.1,2.1,1.9,1.6,-1.0,-1.0,-0.8,-0.5,-2.1,-1.0,-1.1,2020-07,1,2020-07-01 00:00:00,http://landregistry.data.gov.uk/id/region/dorset,442.0,408.0,34.0,200.0,233.0
http://landregistry.data.gov.uk/data/ukhpi/region/dorset/month/2020-08,276239,434887,274168.0,153669,312111.0,274240,220200,80.7,80.3,80.3,82.9,84.8,80.7,80.2,1.3,1.5,1.4,-0.5,1.3,1.9,1.7,-0.3,-0.1,-0.2,-1.0,-1.2,-0.2,-0.1,2020-08,1,2020-08-01 00:00:00,http://landregistry.data.gov.uk/id/region/dorset,526.0,486.0,40.0,219.0,299.0
http://landregistry.data.gov.uk/data/ukhpi/region/dorset/month/2020-09,279243,440766,277000.0,154402,317147.0,277199,222559,81.6,81.4,81.1,83.3,86.2,81.5,81.0,1.7,2.2,1.8,-0.7,1.4,2.4,1.9,1.1,1.4,1.0,0.5,1.6,1.1,1.1,2020-09,1,2020-09-01 00:00:00,http://landregistry.data.gov.uk/id/region/dorset,563.0,508.0,55.0,243.0,304.0
http://landregistry.data.gov.uk/data/ukhpi/region/dorset/month/2020-10,281364,445660,279382.0,154536,316485.0,278946,224215,82.2,82.3,81.8,83.4,86.0,82.0,81.6,2.3,3.2,2.5,-0.6,1.6,2.6,2.6,0.8,1.1,0.9,0.1,-0.2,0.6,0.7,2020-10,1,2020-10-01 00:00:00,http://landregistry.data.gov.uk/id/region/dorset,716.0,689.0,27.0,323.0,382.0
http://landregistry.data.gov.uk/data/ukhpi/region/dorset/month/2020-11,290436,460564,288796.0,159702,322224.0,287062,231410,84.9,85.0,84.6,86.1,87.5,84.4,84.3,4.6,5.6,4.8,1.6,3.5,4.5,5.1,3.2,3.3,3.4,3.3,1.8,2.9,3.2,2020-11,1,2020-11-01 00:00:00,http://landregistry.data.gov.uk/id/region/dorset,692.0,652.0,40.0,322.0,360.0
http://landregistry.data.gov.uk/data/ukhpi/region/dorset/month/2020-12,293920,466194,292524.0,161563,323198.0,290050,234460,85.9,86.1,85.7,87.2,87.8,85.3,85.4,5.6,6.6,5.8,2.7,5.0,5.2,6.3,1.2,1.2,1.3,1.2,0.3,1.0,1.3,2020-12,1,2020-12-01 00:00:00,http://landregistry.data.gov.uk/id/region/dorset,838.0,786.0,52.0,398.0,419.0
http://landregistry.data.gov.uk/data/ukhpi/region/dorset/month/2021-01,295819,466720,294693.0,164250,322281.0,291885,236492,86.5,86.2,86.3,88.6,87.6,85.9,86.1,6.6,6.9,6.9,5.0,4.1,6.1,7.4,0.6,0.1,0.7,1.7,-0.3,0.6,0.9,2021-01,1,2021-01-01 00:00:00,http://landregistry.data.gov.uk/id/region/dorset,634.0,580.0,54.0,285.0,348.0
http://landregistry.data.gov.uk/data/ukhpi/region/dorset/month/2021-02,293274,460133,292196.0,164435,319261.0,289425,235065,85.7,85.0,85.6,88.7,86.7,85.1,85.6,5.2,5.0,5.6,4.9,1.5,4.8,6.1,-0.9,-1.4,-0.8,0.1,-0.9,-0.8,-0.6,2021-02,1,2021-02-01 00:00:00,http://landregistry.data.gov.uk/id/region/dorset,820.0,738.0,82.0,411.0,409.0
http://landregistry.data.gov.uk/data/ukhpi/region/dorset/month/2021-03,295014,459855,293919.0,167593,321614.0,291041,237016,86.2,84.9,86.1,90.4,87.4,85.6,86.3,6.7,5.8,7.3,8.1,1.6,6.3,7.9,0.6,-0.1,0.6,1.9,0.7,0.6,0.8,2021-03,1,2021-03-01 00:00:00,http://landregistry.data.gov.uk/id/region/dorset,1165.0,1071.0,94.0,581.0,582.0
http://landregistry.data.gov.uk/data/ukhpi/region/dorset/month/2021-04,294921,459598,293531.0,167580,325295.0,290697,237177,86.2,84.9,85.9,90.4,88.4,85.5,86.4,4.9,3.7,5.4,6.9,0.6,4.4,6.0,0.0,-0.1,-0.1,0.0,1.1,-0.1,0.1,2021-04,1,2021-04-01 00:00:00,http://landregistry.data.gov.uk/id/region/dorset,755.0,697.0,58.0,374.0,378.0
http://landregistry.data.gov.uk/data/ukhpi/region/dorset/month/2021-05,293497,457737,292074.0,166539,324237.0,289132,236032,85.8,84.5,85.5,89.8,88.1,85.0,85.9,5.3,4.3,5.9,6.9,-0.3,4.5,6.4,-0.5,-0.4,-0.5,-0.6,-0.3,-0.5,-0.5,2021-05,1,2021-05-01 00:00:00,http://landregistry.data.gov.uk/id/region/dorset,535.0,483.0,52.0,254.0,279.0
http://landregistry.data.gov.uk/data/ukhpi/region/dorset/month/2021-06,298201,464633,297138.0,169119,324624.0,293269,240646,87.1,85.8,87.0,91.2,88.2,86.3,87.6,6.6,5.6,7.3,8.4,0.6,5.6,8.0,1.6,1.5,1.7,1.5,0.1,1.4,2.0,2021-06,1,2021-06-01 00:00:00,http://landregistry.data.gov.uk/id/region/dorset,1451.0,1348.0,103.0,730.0,718.0
http://landregistry.data.gov.uk/data/ukhpi/region/dorset/month/2021-07,294727,459177,293601.0,166985,321838.0,290350,237708,86.1,84.8,86.0,90.1,87.4,85.4,86.5,6.4,5.5,6.9,7.6,1.9,5.6,7.9,-1.2,-1.2,-1.2,-1.3,-0.9,-1.0,-1.2,2021-07,1,2021-07-01 00:00:00,http://landregistry.data.gov.uk/id/region/dorset,337.0,310.0,27.0,154.0,182.0
http://landregistry.data.gov.uk/data/ukhpi/region/dorset/month/2021-08,301509,471240,300603.0,169652,326159.0,297518,242630,88.1,87.0,88.0,91.5,88.6,87.5,88.3,9.1,8.4,9.6,10.4,4.5,8.5,10.2,2.3,2.6,2.4,1.6,1.3,2.5,2.1,2021-08,1,2021-08-01 00:00:00,http://landregistry.data.gov.uk/id/region/dorset,491.0,467.0,24.0,248.0,243.0
http://landregistry.data.gov.uk/data/ukhpi/region/dorset/month/2021-09,303448,475393,302487.0,169881,328846.0,300070,243547,88.7,87.8,88.6,91.6,89.3,88.3,88.7,8.7,7.9,9.2,10.0,3.7,8.3,9.4,0.6,0.9,0.6,0.1,0.8,0.9,0.4,2021-09,1,2021-09-01 00:00:00,http://landregistry.data.gov.uk/id/region/dorset,1201.0,1115.0,86.0,603.0,593.0
http://landregistry.data.gov.uk/data/ukhpi/region/dorset/month/2021-10,311081,490725,310606.0,172785,330612.0,306899,248436,90.9,90.6,90.9,93.2,89.8,90.3,90.5,10.6,10.1,11.2,11.8,4.5,10.0,10.8,2.5,3.2,2.7,1.7,0.5,2.3,2.0,2021-10,1,2021-10-01 00:00:00,http://landregistry.data.gov.uk/id/region/dorset,343.0,318.0,25.0,144.0,198.0
http://landregistry.data.gov.uk/data/ukhpi/region/dorset/month/2021-11,315665,498693,315067.0,175067,336917.0,311332,251746,92.3,92.1,92.3,94.4,91.5,91.6,91.7,8.7,8.3,9.1,9.6,4.6,8.5,8.8,1.5,1.6,1.4,1.3,1.9,1.4,1.3,2021-11,1,2021-11-01 00:00:00,http://landregistry.data.gov.uk/id/region/dorset,559.0,497.0,62.0,270.0,289.0
http://landregistry.data.gov.uk/data/ukhpi/region/dorset/month/2021-12,315029,500291,314601.0,173526,334189.0,310272,250315,92.1,92.4,92.1,93.6,90.8,91.3,91.1,7.2,7.3,7.5,7.4,3.4,7.0,6.8,-0.2,0.3,-0.1,-0.9,-0.8,-0.3,-0.6,2021-12,1,2021-12-01 00:00:00,http://landregistry.data.gov.uk/id/region/dorset,590.0,519.0,71.0,272.0,313.0
http://landregistry.data.gov.uk/data/ukhpi/region/dorset/month/2022-01,321064,508779,320643.0,176564,340396.0,317073,255802,93.8,93.9,93.9,95.2,92.5,93.3,93.1,8.5,9.0,8.8,7.5,5.6,8.6,8.2,1.9,1.7,1.9,1.8,1.9,2.2,2.2,2022-01,1,2022-01-01 00:00:00,http://landregistry.data.gov.uk/id/region/dorset,464.0,430.0,34.0,245.0,218.0
http://landregistry.data.gov.uk/data/ukhpi/region/dorset/month/2022-02,324440,513467,324020.0,178900,345990.0,320479,258609,94.8,94.8,94.9,96.5,94.0,94.3,94.2,10.6,11.6,10.9,8.8,8.4,10.7,10.0,1.1,0.9,1.1,1.3,1.6,1.1,1.1,2022-02,1,2022-02-01 00:00:00,http://landregistry.data.gov.uk/id/region/dorset,521.0,488.0,33.0,245.0,273.0
http://landregistry.data.gov.uk/data/ukhpi/region/dorset/month/2022-03,327807,518598,327117.0,180507,354333.0,324627,261176,95.8,95.7,95.8,97.4,96.3,95.5,95.1,11.1,12.8,11.3,7.7,10.2,11.5,10.2,1.0,1.0,1.0,0.9,2.4,1.3,1.0,2022-03,1,2022-03-01 00:00:00,http://landregistry.data.gov.uk/id/region/dorset,607.0,552.0,55.0,276.0,328.0
http://landregistry.data.gov.uk/data/ukhpi/region/dorset/month/2022-04,332344,525140,331612.0,183026,360080.0,328792,265611,97.1,97.0,97.1,98.7,97.8,96.7,96.7,12.7,14.3,13.0,9.2,10.7,13.1,12.0,1.4,1.3,1.4,1.4,1.6,1.3,1.7,2022-04,1,2022-04-01 00:00:00,http://landregistry.data.gov.uk/id/region/dorset,504.0,449.0,55.0,242.0,261.0
http://landregistry.data.gov.uk/data/ukhpi/region/dorset/month/2022-05,334835,529088,334238.0,183463,359047.0,331633,268292,97.9,97.7,97.9,99.0,97.5,97.5,97.7,14.1,15.6,14.4,10.2,10.7,14.7,13.7,0.7,0.8,0.8,0.2,-0.3,0.9,1.0,2022-05,1,2022-05-01 00:00:00,http://landregistry.data.gov.uk/id/region/dorset,540.0,498.0,42.0,280.0,256.0
http://landregistry.data.gov.uk/data/ukhpi/region/dorset/month/2022-06,337512,531987,337011.0,185482,359275.0,334153,271305,98.6,98.2,98.7,100.1,97.6,98.3,98.8,13.2,14.5,13.4,9.7,10.7,13.9,12.7,0.8,0.5,0.8,1.1,0.1,0.8,1.1,2022-06,1,2022-06-01 00:00:00,http://landregistry.data.gov.uk/id/region/dorset,554.0,489.0,65.0,240.0,309.0
http://landregistry.data.gov.uk/data/ukhpi/region/dorset/month/2022-07,339496,534631,339016.0,186192,360738.0,336937,273260,99.2,98.7,99.3,100.4,98.0,99.1,99.5,15.2,16.4,15.5,11.5,12.1,16.0,15.0,0.6,0.5,0.6,0.4,0.4,0.8,0.7,2022-07,1,2022-07-01 00:00:00,http://landregistry.data.gov.uk/id/region/dorset,612.0,575.0,37.0,284.0,324.0
http://landregistry.data.gov.uk/data/ukhpi/region/dorset/month/2022-08,344688,542861,344230.0,188444,365482.0,342128,277971,100.7,100.2,100.8,101.7,99.3,100.6,101.2,14.3,15.2,14.5,11.1,12.1,15.0,14.6,1.5,1.5,1.5,1.2,1.3,1.5,1.7,2022-08,1,2022-08-01 00:00:00,http://landregistry.data.gov.uk/id/region/dorset,688.0,607.0,81.0,320.0,351.0
http://landregistry.data.gov.uk/data/ukhpi/region/dorset/month/2022-09,349949,552336,349545.0,189908,369501.0,347655,282259,102.3,102.0,102.4,102.4,100.4,102.3,102.8,15.3,16.2,15.6,11.8,12.4,15.9,15.9,1.5,1.7,1.5,0.8,1.1,1.6,1.5,2022-09,1,2022-09-01 00:00:00,http://landregistry.data.gov.uk/id/region/dorset,585.0,541.0,44.0,289.0,286.0
http://landregistry.data.gov.uk/data/ukhpi/region/dorset/month/2022-10,352127,556840,351776.0,190764,370344.0,349314,283588,102.9,102.8,103.0,102.9,100.6,102.7,103.2,13.2,13.5,13.3,10.4,12.0,13.8,14.1,0.6,0.8,0.6,0.5,0.2,0.5,0.5,2022-10,1,2022-10-01 00:00:00,http://landregistry.data.gov.uk/id/region/dorset,658.0,611.0,47.0,298.0,348.0
http://landregistry.data.gov.uk/data/ukhpi/region/dorset/month/2022-11,348478,551847,348060.0,188612,368361.0,345508,280164,101.8,101.9,101.9,101.7,100.1,101.6,102.0,10.4,10.7,10.5,7.7,9.3,11.0,11.3,-1.0,-0.9,-1.1,-1.1,-0.5,-1.1,-1.2,2022-11,1,2022-11-01 00:00:00,http://landregistry.data.gov.uk/id/region/dorset,644.0,598.0,46.0,314.0,316.0
http://landregistry.data.gov.uk/data/ukhpi/region/dorset/month/2022-12,344488,545068,344068.0,186992,364323.0,341486,276910,100.7,100.6,100.7,100.9,99.0,100.4,100.8,9.4,9.0,9.4,7.8,9.0,10.1,10.6,-1.1,-1.2,-1.1,-0.9,-1.1,-1.2,-1.2,2022-12,1,2022-12-01 00:00:00,http://landregistry.data.gov.uk/id/region/dorset,572.0,502.0,70.0,265.0,290.0
http://landregistry.data.gov.uk/data/ukhpi/region/dorset/month/2023-01,342170,541649,341518.0,185382,368078.0,339986,274661,100.0,100.0,100.0,100.0,100.0,100.0,100.0,6.6,6.5,6.5,5.0,8.1,7.2,7.4,-0.7,-0.6,-0.7,-0.9,1.0,-0.4,-0.8,2023-01,1,2023-01-01 00:00:00,http://landregistry.data.gov.uk/id/region/dorset,394.0,358.0,36.0,200.0,184.0
http://landregistry.data.gov.uk/data/ukhpi/region/dorset/month/2023-02,342117,542208,341287.0,185394,373200.0,339794,274041,100.0,100.1,99.9,100.0,101.4,99.9,99.8,5.4,5.6,5.3,3.6,7.9,6.0,6.0,0.0,0.1,-0.1,0.0,1.4,-0.1,-0.2,2023-02,1,2023-02-01 00:00:00,http://landregistry.data.gov.uk/id/region/dorset,375.0,355.0,20.0,199.0,163.0
http://landregistry.data.gov.uk/data/ukhpi/region/dorset/month/2023-03,341897,543401,340741.0,184890,382622.0,339868,272538,99.9,100.3,99.8,99.7,104.0,100.0,99.2,4.3,4.8,4.2,2.4,8.0,4.7,4.4,-0.1,0.2,-0.2,-0.3,2.5,0.0,-0.5,2023-03,1,2023-03-01 00:00:00,http://landregistry.data.gov.uk/id/region/dorset,451.0,415.0,36.0,247.0,187.0
http://landregistry.data.gov.uk/data/ukhpi/region/dorset/month/2023-04,339616,540482,338368.0,183804,383804.0,337205,270207,99.3,99.8,99.1,99.1,104.3,99.2,98.4,2.2,2.9,2.0,0.4,6.6,2.6,1.7,-0.7,-0.5,-0.7,-0.6,0.3,-0.8,-0.9,2023-04,1,2023-04-01 00:00:00,http://landregistry.data.gov.uk/id/region/dorset,351.0,321.0,30.0,182.0,161.0
http://landregistry.data.gov.uk/data/ukhpi/region/dorset/month/2023-05,338022,536392,336752.0,183551,383081.0,335916,269282,98.8,99.0,98.6,99.0,104.1,98.8,98.0,1.0,1.4,0.8,0.0,6.7,1.3,0.4,-0.5,-0.8,-0.5,-0.1,-0.2,-0.4,-0.3,2023-05,1,2023-05-01 00:00:00,http://landregistry.data.gov.uk/id/region/dorset,347.0,323.0,24.0,189.0,147.0
http://landregistry.data.gov.uk/data/ukhpi/region/dorset/month/2023-06,333988,529067,332864.0,181170,373644.0,331656,267161,97.6,97.7,97.5,97.7,101.5,97.5,97.3,-1.0,-0.5,-1.2,-2.3,4.0,-0.7,-1.5,-1.2,-1.4,-1.2,-1.3,-2.5,-1.3,-0.8,2023-06,1,2023-06-01 00:00:00,http://landregistry.data.gov.uk/id/region/dorset,449.0,392.0,57.0,235.0,202.0
http://landregistry.data.gov.uk/data/ukhpi/region/dorset/month/2023-07,334351,528876,333262.0,180982,372680.0,332522,268236,97.7,97.6,97.6,97.6,101.3,97.8,97.7,-1.5,-1.1,-1.7,-2.8,3.3,-1.3,-1.8,0.1,0.0,0.1,-0.1,-0.3,0.3,0.4,2023-07,1,2023-07-01 00:00:00,http://landregistry.data.gov.uk/id/region/dorset,480.0,457.0,23.0,242.0,224.0
http://landregistry.data.gov.uk/data/ukhpi/region/dorset/month/2023-08,333213,528138,332184.0,179232,369315.0,331646,267693,97.4,97.5,97.3,96.7,100.3,97.5,97.5,-3.3,-2.7,-3.5,-4.9,1.0,-3.1,-3.7,-0.3,-0.1,-0.3,-1.0,-0.9,-0.3,-0.2,2023-08,1,2023-08-01 00:00:00,http://landregistry.data.gov.uk/id/region/dorset,538.0,510.0,28.0,266.0,256.0
http://landregistry.data.gov.uk/data/ukhpi/region/dorset/month/2023-09,337145,534362,336086.0,181024,374331.0,335865,271075,98.5,98.7,98.4,97.6,101.7,98.8,98.7,-3.7,-3.3,-3.9,-4.7,1.3,-3.4,-4.0,1.2,1.2,1.2,1.0,1.4,1.3,1.3,2023-09,1,2023-09-01 00:00:00,http://landregistry.data.gov.uk/id/region/dorset,495.0,466.0,29.0,252.0,234.0
http://landregistry.data.gov.uk/data/ukhpi/region/dorset/month/2023-10,337702,534321,336632.0,181899,375270.0,336313,271625,98.7,98.6,98.6,98.1,102.0,98.9,98.9,-4.1,-4.0,-4.3,-4.6,1.3,-3.7,-4.2,0.2,0.0,0.2,0.5,0.3,0.1,0.2,2023-10,1,2023-10-01 00:00:00,http://landregistry.data.gov.uk/id/region/dorset,452.0,431.0,21.0,237.0,198.0
http://landregistry.data.gov.uk/data/ukhpi/region/dorset/month/2023-11,338299,535461,337143.0,182529,379080.0,337028,271513,98.9,98.9,98.7,98.5,103.0,99.1,98.9,-2.9,-3.0,-3.1,-3.2,2.9,-2.5,-3.1,0.2,0.2,0.2,0.3,1.0,0.2,0.0,2023-11,1,2023-11-01 00:00:00,http://landregistry.data.gov.uk/id/region/dorset,500.0,480.0,20.0,272.0,219.0
http://landregistry.data.gov.uk/data/ukhpi/region/dorset/month/2023-12,331650,524669,330488.0,179418,372703.0,330429,265806,96.9,96.9,96.8,96.8,101.3,97.2,96.8,-3.7,-3.7,-3.9,-4.1,2.3,-3.2,-4.0,-2.0,-2.0,-2.0,-1.7,-1.7,-2.0,-2.1,2023-12,1,2023-12-01 00:00:00,http://landregistry.data.gov.uk/id/region/dorset,406.0,365.0,41.0,205.0,177.0
http://landregistry.data.gov.uk/data/ukhpi/region/dorset/month/2024-01,327741,518804,326555.0,177133,369713.0,326303,262749,95.8,95.8,95.6,95.6,100.4,96.0,95.7,-4.2,-4.2,-4.4,-4.4,0.4,-4.0,-4.3,-1.2,-1.1,-1.2,-1.3,-0.8,-1.2,-1.1,2024-01,1,2024-01-01 00:00:00,http://landregistry.data.gov.uk/id/region/dorset,355.0,327.0,28.0,164.0,164.0
http://landregistry.data.gov.uk/data/ukhpi/region/dorset/month/2024-02,324083,511206,322879.0,175322,366575.0,323272,260684,94.7,94.4,94.5,94.6,99.6,95.1,94.9,-5.3,-5.7,-5.4,-5.4,-1.8,-4.9,-4.9,-1.1,-1.5,-1.1,-1.0,-0.8,-0.9,-0.8,2024-02,1,2024-02-01 00:00:00,http://landregistry.data.gov.uk/id/region/dorset,356.0,335.0,21.0,198.0,137.0
http://landregistry.data.gov.uk/data/ukhpi/region/dorset/month/2024-03,326319,514131,325015.0,177105,372625.0,325413,262521,95.4,94.9,95.2,95.5,101.2,95.7,95.6,-4.6,-5.4,-4.6,-4.2,-2.6,-4.3,-3.7,0.7,0.6,0.7,1.0,1.7,0.7,0.7,2024-03,1,2024-03-01 00:00:00,http://landregistry.data.gov.uk/id/region/dorset,413.0,379.0,34.0,196.0,200.0
http://landregistry.data.gov.uk/data/ukhpi/region/dorset/month/2024-04,324500,509771,323250.0,176986,369312.0,323725,261322,94.8,94.1,94.7,95.5,100.3,95.2,95.1,-4.5,-5.7,-4.5,-3.7,-3.8,-4.0,-3.3,-0.6,-0.8,-0.5,-0.1,-0.9,-0.5,-0.5,2024-04,1,2024-04-01 00:00:00,http://landregistry.data.gov.uk/id/region/dorset,446.0,416.0,30.0,205.0,212.0
http://landregistry.data.gov.uk/data/ukhpi/region/dorset/month/2024-05,325624,511055,324426.0,178162,369071.0,324549,262247,95.2,94.4,95.0,96.1,100.3,95.5,95.5,-3.7,-4.7,-3.7,-2.9,-3.7,-3.4,-2.6,0.3,0.3,0.4,0.7,-0.1,0.3,0.4,2024-05,1,2024-05-01 00:00:00,http://landregistry.data.gov.uk/id/region/dorset,449.0,404.0,45.0,209.0,209.0
http://landregistry.data.gov.uk/data/ukhpi/region/dorset/month/2024-06,327355,512804,326316.0,178982,366661.0,326335,264540,95.7,94.7,95.5,96.5,99.6,96.0,96.3,-2.0,-3.1,-2.0,-1.2,-1.9,-1.6,-1.0,0.5,0.3,0.6,0.5,-0.7,0.6,0.9,2024-06,1,2024-06-01 00:00:00,http://landregistry.data.gov.uk/id/region/dorset,449.0,398.0,51.0,198.0,224.0
http://landregistry.data.gov.uk/data/ukhpi/region/dorset/month/2024-07,330213,517615,329165.0,179607,369878.0,329363,267422,96.5,95.6,96.4,96.9,100.5,96.9,97.4,-1.2,-2.1,-1.2,-0.8,-0.8,-1.0,-0.3,0.9,0.9,0.9,0.3,0.9,0.9,1.1,2024-07,1,2024-07-01 00:00:00,http://landregistry.data.gov.uk/id/region/dorset,547.0,522.0,25.0,213.0,305.0
http://landregistry.data.gov.uk/data/ukhpi/region/dorset/month/2024-08,329181,516500,328208.0,178239,366847.0,328088,267172,96.2,95.4,96.1,96.1,99.7,96.5,97.3,-1.2,-2.2,-1.2,-0.6,-0.7,-1.1,-0.2,-0.3,-0.2,-0.3,-0.8,-0.8,-0.4,-0.1,2024-08,1,2024-08-01 00:00:00,http://landregistry.data.gov.uk/id/region/dorset,575.0,540.0,35.0,258.0,297.0
http://landregistry.data.gov.uk/data/ukhpi/region/dorset/month/2024-09,328356,516994,327310.0,176479,367888.0,327768,266033,96.0,95.4,95.8,95.2,99.9,96.4,96.9,-2.6,-3.3,-2.6,-2.5,-1.7,-2.4,-1.9,-0.3,0.1,-0.3,-1.0,0.3,-0.1,-0.4,2024-09,1,2024-09-01 00:00:00,http://landregistry.data.gov.uk/id/region/dorset,483.0,451.0,32.0,206.0,240.0
http://landregistry.data.gov.uk/data/ukhpi/region/dorset/month/2024-10,331246,522028,330189.0,178268,371161.0,330228,268011,96.8,96.4,96.7,96.2,100.8,97.1,97.6,-1.9,-2.3,-1.9,-2.0,-1.1,-1.8,-1.3,0.9,1.0,0.9,1.0,0.9,0.8,0.7,2024-10,1,2024-10-01 00:00:00,http://landregistry.data.gov.uk/id/region/dorset,659.0,596.0,63.0,315.0,312.0
http://landregistry.data.gov.uk/data/ukhpi/region/dorset/month/2024-11,331932,523736,330823.0,178079,373227.0,331651,268127,97.0,96.7,96.9,96.1,101.4,97.5,97.6,-1.9,-2.2,-1.9,-2.4,-1.5,-1.6,-1.2,0.2,0.3,0.2,-0.1,0.6,0.4,0.0,2024-11,1,2024-11-01 00:00:00,http://landregistry.data.gov.uk/id/region/dorset,602.0,566.0,36.0,234.0,322.0
http://landregistry.data.gov.uk/data/ukhpi/region/dorset/month/2024-12,330559,522408,329376.0,176836,373799.0,330128,266962,96.6,96.4,96.4,95.4,101.6,97.1,97.2,-0.3,-0.4,-0.3,-1.4,0.3,-0.1,0.4,-0.4,-0.3,-0.4,-0.7,0.2,-0.5,-0.4,2024-12,1,2024-12-01 00:00:00,http://landregistry.data.gov.uk/id/region/dorset,507.0,480.0,27.0,235.0,235.0
http://landregistry.data.gov.uk/data/ukhpi/region/dorset/month/2025-01,328299,519513,326905.0,174263,377194.0,328954,265277,95.9,95.9,95.7,94.0,102.5,96.8,96.6,0.2,0.1,0.1,-1.6,2.0,0.8,1.0,-0.7,-0.6,-0.8,-1.5,0.9,-0.4,-0.6,2025-01,1,2025-01-01 00:00:00,http://landregistry.data.gov.uk/id/region/dorset,466.0,438.0,28.0,191.0,228.0
http://landregistry.data.gov.uk/data/ukhpi/region/dorset/month/2025-02,331033,523061,329380.0,175769,386931.0,331685,268099,96.7,96.6,96.4,94.8,105.1,97.6,97.6,2.1,2.3,2.0,0.3,5.6,2.6,2.8,0.8,0.7,0.8,0.9,2.6,0.8,1.1,2025-02,1,2025-02-01 00:00:00,http://landregistry.data.gov.uk/id/region/dorset,450.0,434.0,16.0,173.0,217.0
http://landregistry.data.gov.uk/data/ukhpi/region/dorset/month/2025-03,333646,523217,331820.0,178755,394559.0,335069,271388,97.5,96.6,97.2,96.4,107.2,98.6,98.8,2.2,1.8,2.1,0.9,5.9,3.0,3.4,0.8,0.0,0.7,1.7,2.0,1.0,1.2,2025-03,1,2025-03-01 00:00:00,http://landregistry.data.gov.uk/id/region/dorset,933.0,896.0,37.0,345.0,440.0
http://landregistry.data.gov.uk/data/ukhpi/region/dorset/month/2025-04,330470,519482,328380.0,175932,396559.0,333027,268171,96.6,95.9,96.2,94.9,107.7,98.0,97.6,1.8,1.9,1.6,-0.6,7.4,2.9,2.6,-1.0,-0.7,-1.0,-1.6,0.5,-0.6,-1.2,2025-04,1,2025-04-01 00:00:00,http://landregistry.data.gov.uk/id/region/dorset,178.0,174.0,4.0,63.0,80.0
http://landregistry.data.gov.uk/data/ukhpi/region/dorset/month/2025-05,325935,513827,323737.0,172001,393872.0,329333,264255,95.3,94.9,94.8,92.8,107.0,96.9,96.2,0.1,0.5,-0.2,-3.4,6.7,1.5,0.8,-1.4,-1.1,-1.4,-2.2,-0.7,-1.1,-1.5,2025-05,1,2025-05-01 00:00:00,http://landregistry.data.gov.uk/id/region/dorset,317.0,309.0,8.0,96.0,169.0
http://landregistry.data.gov.uk/data/ukhpi/region/dorset/month/2025-06,327153,518273,324879.0,170465,396703.0,331180,264954,95.6,95.7,95.1,92.0,107.8,97.4,96.5,-0.1,1.1,-0.4,-4.7,8.2,1.5,0.2,0.4,0.9,0.4,-0.9,0.7,0.6,0.3,2025-06,1,2025-06-01 00:00:00,http://landregistry.data.gov.uk/id/region/dorset,352.0,342.0,10.0,101.0,147.0
http://landregistry.data.gov.uk/data/ukhpi/region/dorset/month/2025-07,332694,525391,330368.0,173759,403707.0,336598,270530,97.2,97.0,96.7,93.7,109.7,99.0,98.5,0.8,1.5,0.4,-3.2,9.1,2.2,1.2,1.7,1.4,1.7,1.9,1.8,1.6,2.1,2025-07,1,2025-07-01 00:00:00,http://landregistry.data.gov.uk/id/region/dorset,411.0,411.0,,92.0,137.0
http://landregistry.data.gov.uk/data/ukhpi/region/dorset/month/2025-08,338841,533537,336299.0,177301,414733.0,343750,275843,99.0,98.5,98.5,95.6,112.7,101.1,100.4,2.9,3.3,2.5,-0.5,13.1,4.8,3.2,1.8,1.6,1.8,2.0,2.7,2.1,2.0,2025-08,1,2025-08-01 00:00:00,http://landregistry.data.gov.uk/id/region/dorset,424.0,422.0,2.0,81.0,120.0
http://landregistry.data.gov.uk/data/ukhpi/region/dorset/month/2025-09,339196,533843,,177089,,344412,276567,99.1,98.6,,95.5,,101.3,100.7,3.3,3.3,,0.3,,5.1,4.0,0.1,0.1,,-0.1,,0.2,0.3,2025-09,1,2025-09-01 00:00:00,http://landregistry.data.gov.uk/id/region/dorset,,,,,
http://landregistry.data.gov.uk/data/ukhpi/region/dorset/month/2025-10,335846,528166,,175148,,341753,273876,98.2,97.5,,94.5,,100.5,99.7,1.4,1.2,,-1.8,,3.5,2.2,-1.0,-1.1,,-1.1,,-0.8,-1.0,2025-10,1,2025-10-01 00:00:00,http://landregistry.data.gov.uk/id/region/dorset,,,,,
